,date,MSFT,AMZN,COST,ALK,SBUX
0,2013-02-08,27.55,261.95,102.79,24.335,28.185
1,2013-02-11,27.86,257.21,101.99,24.4,28.07
2,2013-02-12,27.88,258.7,101.76,24.43,28.13
3,2013-02-13,28.03,269.47,101.63,24.76,27.915
4,2013-02-14,28.04,269.24,102.02,24.355,27.775
5,2013-02-15,28.01,265.09,102.17,24.49,27.17
6,2013-02-19,28.045,269.75,101.9,25.15,27.225
7,2013-02-20,27.87,266.41,101.08,24.625,26.655
8,2013-02-21,27.49,265.94,100.69,24.82,26.675
9,2013-02-22,27.76,265.42,101.16,25.4,27.085
10,2013-02-25,27.37,259.87,100.09,24.775,26.605
11,2013-02-26,27.37,259.36,99.45,24.995,26.64
12,2013-02-27,27.81,263.25,100.73,25.72,27.285
13,2013-02-28,27.8,264.27,101.29,25.775,27.425
14,2013-03-01,27.95,265.74,101.42,26.2,27.435
15,2013-03-04,28.15,273.11,103.43,27.265,27.85
16,2013-03-05,28.35,275.59,103.15,27.925,28.255
17,2013-03-06,28.09,273.79,102.56,27.84,28.55
18,2013-03-07,28.14,273.88,101.97,28.015,29.125
19,2013-03-08,28.0,274.19,103.04,28.75,29.335
20,2013-03-11,27.87,271.24,102.44,28.555,29.305
21,2013-03-12,27.91,274.13,103.75,28.515,29.14
22,2013-03-13,27.915,275.1,103.42,29.73,29.2925
23,2013-03-14,28.135,265.74,102.91,29.775,28.84
24,2013-03-15,28.035,261.82,101.74600000000001,29.62,28.83
25,2013-03-18,28.1,257.89,101.68,30.29,28.465
26,2013-03-19,28.18,256.41,102.12,30.46,28.415
27,2013-03-20,28.315,257.278,103.08,31.5,28.715
28,2013-03-21,28.11,253.39,103.52,30.925,28.525
29,2013-03-22,28.25,257.75,105.11,31.425,28.69
30,2013-03-25,28.16,256.02,105.47,31.16,28.345
31,2013-03-26,28.155,260.31,105.97,31.395,28.525
32,2013-03-27,28.37,265.3,106.64,31.645,28.455
33,2013-03-28,28.605,266.49,106.11,31.98,28.475
34,2013-04-01,28.61,261.61,105.81,31.8,28.435
35,2013-04-02,28.8,263.322,107.68,29.63,29.13
36,2013-04-03,28.56,259.03,106.36,28.91,28.85
37,2013-04-04,28.595,259.08,106.36,29.935,29.055
38,2013-04-05,28.7,255.48,105.8,29.685,28.9
39,2013-04-08,28.59,258.95,107.04,30.105,29.06
40,2013-04-09,29.61,261.14,105.79,29.525,28.705
41,2013-04-10,30.28,264.77,105.75,29.85,28.9
42,2013-04-11,28.935,269.85,106.01,29.69,29.2875
43,2013-04-12,28.79,272.87,106.13,29.57,29.545
44,2013-04-15,28.69,267.72,104.21,28.315,28.855
45,2013-04-16,28.97,272.34,105.55,30.56,29.28
46,2013-04-17,28.825,267.4,104.77,29.92,29.085
47,2013-04-18,28.79,259.42,103.61,29.355,28.86
48,2013-04-19,29.765,260.32,104.45,30.175,29.2025
49,2013-04-22,30.83,263.55,105.16,29.79,29.32
50,2013-04-23,30.6,268.9,107.25,30.57,29.695
51,2013-04-24,31.76,268.78,107.83,30.44,29.915
52,2013-04-25,31.94,274.7,109.13,30.12,30.25
53,2013-04-26,31.79,254.81,109.27,30.33,30.0
54,2013-04-29,32.61,249.74,108.63,30.58,30.29
55,2013-04-30,33.1,253.81,108.43,30.82,30.42
56,2013-05-01,32.72,248.23,108.22,29.865,30.07
57,2013-05-02,33.16,252.55,108.69,30.35,30.19
58,2013-05-03,33.49,258.05,109.75,31.365,30.935
59,2013-05-06,33.75,255.72,109.09,33.075,31.24
60,2013-05-07,33.31,257.73,109.71,33.735,31.095
61,2013-05-08,32.99,258.68,109.61,33.665,31.205
62,2013-05-09,32.66,260.16,109.14,32.915,31.18
63,2013-05-10,32.69,263.63,109.99,33.075,31.5485
64,2013-05-13,33.03,264.51,110.01,32.96,31.41
65,2013-05-14,33.53,268.33,111.39,32.735,31.76
66,2013-05-15,33.845,266.56,112.82,32.955,32.035
67,2013-05-16,34.08,264.12,111.51,31.975,31.775
68,2013-05-17,34.87,269.9,113.05,32.605,32.065
69,2013-05-20,35.08,267.63,112.02,29.865,31.915
70,2013-05-21,34.85,268.86,113.48,29.27,32.125
71,2013-05-22,34.61,262.96,113.38,28.78,32.075
72,2013-05-23,34.15,261.8,113.19,29.58,31.76
73,2013-05-24,34.269,261.74,114.39,29.315,31.68
74,2013-05-28,35.02,267.29,114.83,28.095,32.13
75,2013-05-29,34.88,265.53,112.95,27.975,31.815
76,2013-05-30,35.03,266.83,111.88,28.12,31.735
77,2013-05-31,34.9,269.2,109.631,28.41,31.57
78,2013-06-03,35.59,266.88,110.88,28.21,31.73
79,2013-06-04,34.99,265.7,110.66,28.255,31.665
80,2013-06-05,34.78,267.17,109.17,27.475,31.17
81,2013-06-06,34.96,267.83,111.09,27.395,31.51
82,2013-06-07,35.67,276.87,110.58,28.705,32.52
83,2013-06-10,35.47,281.07,110.31,28.125,33.055
84,2013-06-11,34.84,274.78,110.02,28.135,32.71
85,2013-06-12,35.0,271.67,109.4,28.2,32.225
86,2013-06-13,34.715,275.79,110.88,28.465,32.985
87,2013-06-14,34.4,273.99,111.0,28.01,32.8
88,2013-06-17,35.0,278.06,111.7,27.665,33.015
89,2013-06-18,34.98,281.76,112.085,28.14,33.5475
90,2013-06-19,34.59,278.16,110.19,27.415,33.205
91,2013-06-20,33.49,273.44,107.56,26.78,32.61
92,2013-06-21,33.265,273.36,108.65,26.075,32.345
93,2013-06-24,33.715,270.61,109.64,25.48,32.005
94,2013-06-25,33.67,272.08799999999997,110.25,25.595,32.37
95,2013-06-26,34.35,277.57,111.18,25.21,32.9
96,2013-06-27,34.62,277.55,111.49,26.045,32.845
97,2013-06-28,34.545,277.69,110.57,26.0,32.755
98,2013-07-01,34.36,282.1,110.43,26.425,33.12
99,2013-07-02,33.94,283.73,110.85,25.975,33.395
100,2013-07-03,34.01,284.03,110.91,25.91,33.65
101,2013-07-05,34.21,285.88,111.76,26.14,33.86
102,2013-07-08,34.325,290.59,112.62,25.975,34.145
103,2013-07-09,34.35,291.53,113.35,27.965,34.065
104,2013-07-10,34.7,292.33,113.65,28.77,34.05
105,2013-07-11,35.685,299.66,115.895,29.78,34.67
106,2013-07-12,35.67,307.55,116.46,30.535,34.86
107,2013-07-15,36.17,306.57,115.89,30.535,34.83
108,2013-07-16,36.27,306.87,116.53,30.08,34.76
109,2013-07-17,35.74,308.69,117.4,30.855,34.1
110,2013-07-18,35.44,304.11,117.06,30.935,34.24
111,2013-07-19,31.4,305.23,118.07,30.625,34.395
112,2013-07-22,32.01,303.48,118.05,31.08,34.51
113,2013-07-23,31.82,301.06,119.1,31.0,33.83
114,2013-07-24,31.96,298.94,117.9,30.58,33.305
115,2013-07-25,31.39,303.4,117.45,30.185,34.085
116,2013-07-26,31.62,312.01,116.57,31.29,36.68
117,2013-07-29,31.54,306.1,117.14,29.775,36.225
118,2013-07-30,31.85,302.41,116.93,30.14,35.965
119,2013-07-31,31.84,301.22,117.42,30.585,35.6445
120,2013-08-01,31.67,305.57,118.34,31.21,36.74
121,2013-08-02,31.89,304.21,119.37,31.56,37.115
122,2013-08-05,31.7,300.99,120.07,31.02,36.985
123,2013-08-06,31.58,300.75,119.5,30.385,36.4
124,2013-08-07,32.063,296.91,119.34,30.535,36.095
125,2013-08-08,32.89,295.74,117.39,30.96,36.47
126,2013-08-09,32.7,297.26,115.63,30.095,36.4
127,2013-08-12,32.87,296.69,115.73,30.305,36.465
128,2013-08-13,32.23,293.97,115.65,29.34,36.32
129,2013-08-14,32.35,291.34,113.78,29.28,35.925
130,2013-08-15,31.79,286.47,111.79,28.955,35.37
131,2013-08-16,31.8,284.82,111.9,29.245,35.355
132,2013-08-19,31.393,285.57,112.08,28.695,35.145
133,2013-08-20,31.62,287.09,112.84,29.22,35.33
134,2013-08-21,31.61,284.57,111.96,29.325,35.3565
135,2013-08-22,32.39,289.73,112.24,30.125,35.95
136,2013-08-23,34.75,290.01,113.07,30.5,35.985
137,2013-08-26,34.15,286.21,111.87,30.16,35.94
138,2013-08-27,33.26,280.93,111.67,28.485,35.08
139,2013-08-28,33.02,281.58,110.46,28.415,35.48
140,2013-08-29,33.55,283.98,111.39,28.865,35.59
141,2013-08-30,33.4,280.98,111.87,28.31,35.26
142,2013-09-03,31.88,288.8,111.98,28.245,35.8
143,2013-09-04,31.195,293.64,111.5,28.985,36.07
144,2013-09-05,31.235,294.1,114.62,28.98,36.025
145,2013-09-06,31.151999999999997,295.86,114.35,28.69,35.785
146,2013-09-09,31.655,299.71,115.35,29.265,36.22
147,2013-09-10,32.39,300.36,117.32,30.71,37.1075
148,2013-09-11,32.74,299.64,119.25,30.385,37.695
149,2013-09-12,32.69,298.86,118.19,29.65,37.835
150,2013-09-13,33.03,297.92,117.03,30.17,37.785
151,2013-09-16,32.801,296.06,117.35,30.805,37.62
152,2013-09-17,32.93,304.17,117.91,31.19,38.02
153,2013-09-18,33.32,312.034,118.64200000000001,31.305,38.665
154,2013-09-19,33.64,312.06,119.2,31.29,38.175
155,2013-09-20,32.791,316.34,117.94,31.06,38.06
156,2013-09-23,32.74,311.49,117.57,31.4,37.68
157,2013-09-24,32.455,314.13,116.34,31.87,38.275
158,2013-09-25,32.505,312.65,115.41,31.715,38.17
159,2013-09-26,32.77,318.12,116.4,32.105,38.59
160,2013-09-27,33.27,316.01,115.72,31.795,38.665
161,2013-09-30,33.28,312.64,115.17,31.31,38.485
162,2013-10-01,33.58,320.95,115.0,32.625,38.58
163,2013-10-02,33.92,320.51,114.82,32.45,38.595
164,2013-10-03,33.86,314.76,114.42,32.4,38.435
165,2013-10-04,33.88,319.04,114.44,32.39,38.7
166,2013-10-07,33.3,310.03,113.41,32.31,38.4305
167,2013-10-08,33.01,303.23,112.21,30.665,37.765
168,2013-10-09,33.07,298.23,114.59,30.72,37.63
169,2013-10-10,33.76,305.17400000000004,115.7,31.195,38.56
170,2013-10-11,34.13,310.889,115.9,31.25,38.91
171,2013-10-14,34.45,310.7,116.26,31.765,39.05
172,2013-10-15,34.49,306.4,115.36,31.35,38.355
173,2013-10-16,34.64,310.49,117.36,32.16,39.02
174,2013-10-17,34.92,310.77,118.258,32.73,39.3675
175,2013-10-18,34.96,328.931,117.64,32.765,39.655
176,2013-10-21,34.99,326.44,117.38,32.925,39.73
177,2013-10-22,34.58,332.54,117.81,33.275,40.45
178,2013-10-23,33.76,326.756,117.16,33.515,40.025
179,2013-10-24,33.72,332.21,116.24,34.84,39.525
180,2013-10-25,35.73,363.39,116.44,35.075,39.98
181,2013-10-28,35.57,358.16,117.35,35.055,39.355
182,2013-10-29,35.52,362.7,118.75,35.275,39.81
183,2013-10-30,35.54,361.08,117.76,34.87,40.415
184,2013-10-31,35.405,364.03,118.0,35.33,40.525
185,2013-11-01,35.525,359.00199999999995,119.618,36.1,40.185
186,2013-11-04,35.94,358.74,120.34,36.39,40.185
187,2013-11-05,36.64,358.892,120.13,36.21,40.995
188,2013-11-06,38.18,356.18,124.07,36.015,40.565
189,2013-11-07,37.5,343.56,122.78,35.305,39.535
190,2013-11-08,37.78,350.31,122.78,36.37,40.6
191,2013-11-11,37.59,354.37800000000004,123.02,36.68,40.495
192,2013-11-12,37.36,349.53,122.45,37.405,40.3075
193,2013-11-13,38.155,356.22,123.17,37.365,40.7305
194,2013-11-14,38.021,367.39599999999996,123.74,38.035,40.57
195,2013-11-15,37.841,369.17,124.29,37.795,40.595
196,2013-11-18,37.2,366.18,123.31,37.91,40.27
197,2013-11-19,36.74,364.94,123.63,37.845,39.96
198,2013-11-20,37.08,362.57,122.76,37.79,39.845
199,2013-11-21,37.4,368.92,123.89,37.995,40.765
200,2013-11-22,37.57,372.31,125.21,38.575,40.675
201,2013-11-25,37.64,376.64,125.17,38.995,40.355
202,2013-11-26,37.35,381.37,125.18,38.49,40.755
203,2013-11-27,37.6,386.71,125.38,39.095,40.81
204,2013-11-29,38.13,393.62,125.43,38.87,40.73
205,2013-12-02,38.45,392.3,123.69,38.47,40.535
206,2013-12-03,38.31,384.66,123.82,37.925,40.275
207,2013-12-04,38.94,385.96,122.97,37.29,39.75
208,2013-12-05,38.0,384.49,120.95,37.21,39.86
209,2013-12-06,38.36,386.95,122.06,36.755,39.97
210,2013-12-09,38.705,384.89,121.66,37.35,39.865
211,2013-12-10,38.11,387.78,120.04,37.015,38.69
212,2013-12-11,37.61,382.19,118.57,36.735,38.2
213,2013-12-12,37.22,381.25,118.22,36.155,38.24
214,2013-12-13,36.69,384.24,117.91,36.115,38.175
215,2013-12-16,36.885,388.97,118.0,36.125,38.23
216,2013-12-17,36.52,387.65,117.55,35.34,38.045
217,2013-12-18,36.58,395.96,118.5,35.355,38.84
218,2013-12-19,36.25,395.19,117.99,35.285,38.575
219,2013-12-20,36.8,402.2,118.53,36.75,38.83
220,2013-12-23,36.62,402.92,118.69,36.165,39.16
221,2013-12-24,37.08,399.2,118.69,36.57,39.285
222,2013-12-26,37.44,404.39,118.63,36.41,39.44
223,2013-12-27,37.29,398.08,118.53,36.005,39.285
224,2013-12-30,37.29,393.37,118.77,36.02,39.275
225,2013-12-31,37.41,398.79,119.02,36.685,39.195
226,2014-01-02,37.16,397.97,117.81,36.59,38.585
227,2014-01-03,36.91,396.44,117.29,37.26,38.475
228,2014-01-06,36.13,393.63,116.4,37.015,38.085
229,2014-01-07,36.41,398.03,115.86,36.995,38.605
230,2014-01-08,35.76,401.92,114.05,37.9,39.015
231,2014-01-09,35.53,401.01,118.51,38.695,38.8
232,2014-01-10,36.04,397.66,117.85,39.54,38.835
233,2014-01-13,34.98,390.98,114.77,38.725,37.56
234,2014-01-14,35.78,397.54,116.23,39.69,37.73
235,2014-01-15,36.76,395.87,116.24,39.365,38.095
236,2014-01-16,36.89,395.8,115.56,39.585,37.645
237,2014-01-17,36.38,399.61,116.29,39.255,37.45
238,2014-01-21,36.17,407.05,114.93,40.03,36.825
239,2014-01-22,35.93,404.54,113.75,40.935,36.8
240,2014-01-23,36.055,399.87,112.8,40.675,36.695
241,2014-01-24,36.805,387.6,112.13,39.825,37.49
242,2014-01-27,36.03,386.28,113.08,39.4,37.105
243,2014-01-28,36.27,394.43,114.38,39.765,36.945
244,2014-01-29,36.66,384.2,112.23,38.37,35.78
245,2014-01-30,36.86,403.01,112.73,38.94,35.955
246,2014-01-31,37.84,358.69,112.36,39.535,35.56
247,2014-02-03,36.48,346.15,110.18,37.345,34.485
248,2014-02-04,36.35,347.95,110.89,37.81,35.325
249,2014-02-05,35.82,346.45,110.51,37.55,35.245
250,2014-02-06,36.18,354.59,114.26,38.17,36.18
251,2014-02-07,36.56,361.08,114.04,38.91,37.0175
252,2014-02-10,36.8,360.87,113.85,38.355,37.4
253,2014-02-11,37.175,361.79,114.99,38.755,37.25
254,2014-02-12,37.47,349.25,114.81,39.12,36.955
255,2014-02-13,37.61,357.2,115.81,39.73,37.345
256,2014-02-14,37.62,357.35,116.1,40.745,37.515
257,2014-02-18,37.42,353.65,115.36,39.49,36.985
258,2014-02-19,37.51,347.38,114.91,39.17,36.66
259,2014-02-20,37.75,349.8,115.06,40.085,36.775
260,2014-02-21,37.98,346.76,113.19,40.77,36.28
261,2014-02-24,37.69,351.78,113.94,41.75,36.28
262,2014-02-25,37.54,358.32,115.46,42.545,35.275
263,2014-02-26,37.47,359.8,115.88,42.94,35.89
264,2014-02-27,37.86,360.13,116.22,43.15,36.095
265,2014-02-28,38.31,362.1,116.8,43.32,35.48
266,2014-03-03,37.78,359.78,115.75,43.055,35.235
267,2014-03-04,38.41,363.9,116.65,44.555,35.83
268,2014-03-05,38.11,372.37,116.47,44.735,35.65
269,2014-03-06,38.15,372.16,113.26,45.47,36.345
270,2014-03-07,37.9,372.06,113.5,44.7,36.535
271,2014-03-10,37.82,370.53,114.59,44.46,36.78
272,2014-03-11,38.02,368.82,114.71,44.405,37.515
273,2014-03-12,38.27,370.64,115.21,44.415,37.815
274,2014-03-13,37.89,371.51,114.41,43.705,37.215
275,2014-03-14,37.7,373.74,113.45,45.745,37.135
276,2014-03-17,38.05,375.04,113.46,45.95,37.09
277,2014-03-18,39.55,378.77,113.85,46.28,37.3
278,2014-03-19,39.27,373.23,112.85,46.19,37.955
279,2014-03-20,40.33,368.97,113.16,46.21,38.4775
280,2014-03-21,40.16,360.62,113.83,45.38,38.355
281,2014-03-24,40.5,351.85,113.37,45.66,37.885
282,2014-03-25,40.34,354.71,113.93,46.415,37.305
283,2014-03-26,39.79,343.41,112.49,46.01,36.77
284,2014-03-27,39.36,338.47,112.03,45.79,36.7
285,2014-03-28,40.3,338.29,111.66,45.365,36.85
286,2014-03-31,40.99,336.365,111.68,46.655,36.69
287,2014-04-01,41.42,342.99,111.86,47.05,37.005
288,2014-04-02,41.35,341.96,111.55,47.44,36.835
289,2014-04-03,41.01,333.62,111.7,47.405,36.545
290,2014-04-04,39.87,323.0,110.65,46.165,35.775
291,2014-04-07,39.8,317.76,110.789,44.91,35.215
292,2014-04-08,39.82,327.07,112.66,45.405,35.74
293,2014-04-09,40.47,331.805,113.05,47.52,36.24
294,2014-04-10,39.36,317.11,112.08,45.835,35.11
295,2014-04-11,39.209,311.73,112.08,45.26,34.365
296,2014-04-14,39.18,315.91,112.56,44.675,34.655
297,2014-04-15,39.75,316.08,112.06,44.925,34.445
298,2014-04-16,40.4,323.68,113.49,46.16,35.395
299,2014-04-17,40.01,324.91,113.5,46.47,35.075
300,2014-04-21,39.94,330.87,114.1,46.31,35.24
301,2014-04-22,39.99,329.32,113.56,46.895,35.5745
302,2014-04-23,39.69,324.58,114.79,47.98,35.195
303,2014-04-24,39.86,337.15,115.03,47.375,35.545
304,2014-04-25,39.91,303.83,115.01,46.715,35.725
305,2014-04-28,40.87,296.58,115.59,46.685,35.465
306,2014-04-29,40.51,300.38,115.4,46.97,35.32
307,2014-04-30,40.4,304.13,115.68,47.04,35.31
308,2014-05-01,40.0,307.89,115.56,47.99,35.56
309,2014-05-02,39.69,308.01,115.15,47.8,35.3
310,2014-05-05,39.43,310.05,114.49,47.585,35.46
311,2014-05-06,39.06,297.38,112.83,47.345,34.79
312,2014-05-07,39.425,292.71,111.98,47.035,34.87
313,2014-05-08,39.64,288.32,114.73,47.35,34.79
314,2014-05-09,39.54,292.24,115.39,47.33,35.145
315,2014-05-12,39.97,302.86,116.51,48.945,35.575
316,2014-05-13,40.42,304.64,116.29,48.91,35.58
317,2014-05-14,40.24,297.62,115.13,48.51,35.085
318,2014-05-15,39.6,295.19,114.35,47.825,34.925
319,2014-05-16,39.83,297.7,115.61,47.805,35.47
320,2014-05-19,39.75,296.755,116.37,48.505,35.51
321,2014-05-20,39.68,301.19,115.13,47.905,35.115
322,2014-05-21,40.35,305.01,114.52,47.94,35.2
323,2014-05-22,40.1,304.91,114.73,48.425,35.7
324,2014-05-23,40.12,312.24,114.94,49.025,35.99
325,2014-05-27,40.19,310.82,113.87,49.11,36.83
326,2014-05-28,40.01,310.16,114.24,49.705,36.635
327,2014-05-29,40.34,313.78,114.14,49.705,36.555
328,2014-05-30,40.94,312.55,116.02,49.23,36.62
329,2014-06-02,40.79,308.84,115.68,50.035,36.925
330,2014-06-03,40.29,307.19,115.51,49.945,37.09
331,2014-06-04,40.32,306.78,116.31,49.615,37.335
332,2014-06-05,41.21,323.57,117.75,49.45,37.36
333,2014-06-06,41.48,329.67,118.23,49.955,37.665
334,2014-06-09,41.27,327.5,117.78,49.505,37.59
335,2014-06-10,41.11,332.41,117.1,49.37,37.3
336,2014-06-11,40.86,335.2,116.24,48.42,37.4
337,2014-06-12,40.58,325.91,115.44,46.485,36.98
338,2014-06-13,41.23,326.27,115.3,47.57,37.345
339,2014-06-16,41.5,327.62,115.43,46.705,37.545
340,2014-06-17,41.68,325.62,115.45,47.47,37.655
341,2014-06-18,41.65,334.38,116.27,47.58,37.78
342,2014-06-19,41.51,327.0,116.26,47.44,38.615
343,2014-06-20,41.68,324.2,115.36,47.51,38.3
344,2014-06-23,41.99,327.24,115.22,46.91,38.365
345,2014-06-24,41.745,324.16,116.31,46.795,38.715
346,2014-06-25,42.03,327.44,116.27,47.65,39.06
347,2014-06-26,41.72,325.69,115.64,47.27,39.03
348,2014-06-27,42.25,324.57,115.49,47.69,38.97
349,2014-06-30,41.7,324.78,115.16,47.525,38.69
350,2014-07-01,41.87,332.39,115.44,48.79,39.04
351,2014-07-02,41.9,332.85,115.75,47.905,39.095
352,2014-07-03,41.8,337.49199999999996,116.35,48.4,39.53
353,2014-07-07,41.99,333.55,116.32,47.325,39.345
354,2014-07-08,41.78,323.81,117.46,48.395,39.28
355,2014-07-09,41.67,329.97,117.92,48.43,39.725
356,2014-07-10,41.685,327.92,118.08,49.01,39.425
357,2014-07-11,42.09,346.2,118.01,49.34,39.3
358,2014-07-14,42.14,355.32,117.36,49.75,39.28
359,2014-07-15,42.45,354.44,117.82,49.78,39.445
360,2014-07-16,44.08,355.9,117.85,49.44,39.365
361,2014-07-17,44.53,352.454,116.79,48.73,38.62
362,2014-07-18,44.69,358.66,117.7399,48.73,38.97
363,2014-07-21,44.835,359.76,117.04,48.35,38.805
364,2014-07-22,44.83,360.84,117.55,48.87,39.37
365,2014-07-23,44.87,358.14,117.59,49.69,39.57
366,2014-07-24,44.4,358.61,118.14,45.03,40.225
367,2014-07-25,44.5,324.01,117.55,45.77,39.37
368,2014-07-28,43.97,320.41,117.12,45.68,39.18
369,2014-07-29,43.885,320.0,118.9,46.18,39.325
370,2014-07-30,43.5785,322.51,118.18,44.9,39.45
371,2014-07-31,43.16,312.99,117.54,43.97,38.84
372,2014-08-01,42.86,307.06,117.88,44.45,38.49
373,2014-08-04,43.37,313.65,118.15,43.5,38.765
374,2014-08-05,43.08,312.32,118.05,42.72,38.395
375,2014-08-06,42.74,313.89,119.59,42.94,38.565
376,2014-08-07,43.23,311.45,117.8,42.76,38.355
377,2014-08-08,43.2,316.8,119.16,43.21,38.81
378,2014-08-11,43.2,318.33,119.18,43.88,38.935
379,2014-08-12,43.52,319.32,119.01,43.67,38.91
380,2014-08-13,44.08,326.28,118.64,44.67,38.62
381,2014-08-14,44.27,333.21,119.26,45.2,38.31
382,2014-08-15,44.79,333.63,118.57,45.46,38.455
383,2014-08-18,45.11,334.53,119.46,47.01,38.795
384,2014-08-19,45.33,335.13,120.61,46.8,39.06
385,2014-08-20,44.95,335.78,120.91,47.14,39.015
386,2014-08-21,45.22,332.91,121.62,46.03,38.735
387,2014-08-22,45.15,331.59,121.29,46.49,38.64
388,2014-08-25,45.17,334.02,121.39,46.89,38.985
389,2014-08-26,45.005,341.83,121.09,46.28,38.895
390,2014-08-27,44.87,343.18,121.24,46.5,38.96
391,2014-08-28,44.88,340.02,120.97,46.53,38.905
392,2014-08-29,45.43,339.04,121.08,46.34,38.905
393,2014-09-02,45.09,342.38,121.56,48.24,38.74
394,2014-09-03,44.96,339.0,121.35,47.54,38.395
395,2014-09-04,45.26,345.95,125.15,47.63,38.58
396,2014-09-05,45.91,346.38,127.01,47.14,38.975
397,2014-09-08,46.47,342.34,126.6,47.33,38.835
398,2014-09-09,46.76,329.75,126.11,46.6,38.56
399,2014-09-10,46.84,331.33,126.17,47.49,38.605
400,2014-09-11,47.0,330.52,125.94,47.36,38.06
401,2014-09-12,46.695,331.19,125.37,47.27,37.735
402,2014-09-15,46.24,323.89,125.71,46.26,37.46
403,2014-09-16,46.76,327.76,126.43,46.75,37.545
404,2014-09-17,46.52,324.0,126.01,46.16,37.67
405,2014-09-18,46.68,325.0,126.48,46.84,37.865
406,2014-09-19,47.52,331.32,126.5,46.22,38.035
407,2014-09-22,47.06,324.5,125.83,45.21,37.3
408,2014-09-23,46.56,323.63,125.51,44.1,36.9775
409,2014-09-24,47.08,328.21,127.62,44.84,37.66
410,2014-09-25,46.04,321.93,125.66,43.72,37.06
411,2014-09-26,46.41,323.21,125.54,44.42,37.585
412,2014-09-29,46.44,321.82,125.32,43.85,37.635
413,2014-09-30,46.36,322.44,125.32,43.54,37.73
414,2014-10-01,45.9,317.46,124.76,42.74,37.305
415,2014-10-02,45.76,318.41,125.79,42.92,37.225
416,2014-10-03,46.09,322.74,127.09,44.15,37.945
417,2014-10-06,46.09,322.2,126.21,43.49,37.5725
418,2014-10-07,45.53,316.98,125.27,42.8,37.025
419,2014-10-08,46.78,322.7,128.73,42.86,37.63
420,2014-10-09,45.85,315.37,128.41,42.68,37.24
421,2014-10-10,44.03,311.39,128.9,42.46,37.23
422,2014-10-13,43.65,306.45,126.97,41.58,36.095
423,2014-10-14,43.73,308.31,126.25,42.69,36.37
424,2014-10-15,43.22,305.97,124.3,41.99,36.19
425,2014-10-16,42.74,302.86,122.95,43.8,36.32
426,2014-10-17,43.63,303.64,124.65,44.7,36.77
427,2014-10-20,44.08,306.21,128.42,46.22,37.35
428,2014-10-21,44.88,315.33,130.28,47.38,37.18
429,2014-10-22,44.38,312.97,130.54,46.77,37.3
430,2014-10-23,45.02,313.18,130.59,49.95,37.42
431,2014-10-24,46.13,287.06,130.44,50.2,37.905
432,2014-10-27,45.91,289.97,130.92,51.82,37.985
433,2014-10-28,46.49,295.59,131.06,52.79,38.525
434,2014-10-29,46.62,294.12,131.93,52.91,38.27
435,2014-10-30,46.05,299.07,133.0,52.14,38.66
436,2014-10-31,46.95,305.46,133.37,53.23,37.78
437,2014-11-03,47.44,305.72,134.27,54.43,38.05
438,2014-11-04,47.57,302.81,136.55,55.39,38.355
439,2014-11-05,47.86,296.52,136.5,53.97,38.33
440,2014-11-06,48.7,296.64,137.09,55.4,38.725
441,2014-11-07,48.68,299.86,137.71,55.14,38.895
442,2014-11-10,48.89,305.11,137.69,56.32,38.825
443,2014-11-11,48.87,312.01,137.05,56.14,38.865
444,2014-11-12,48.78,311.51,136.9,56.17,38.925
445,2014-11-13,49.61,316.48,138.71,56.24,38.945
446,2014-11-14,49.58,327.82,138.48,55.34,39.06
447,2014-11-17,49.46,323.05,138.47,54.86,38.915
448,2014-11-18,48.74,324.93,139.21,55.86,38.785
449,2014-11-19,48.22,326.54,140.01,54.8,38.91
450,2014-11-20,48.7,330.54,139.25,54.24,39.1
451,2014-11-21,47.98,332.63,139.72,54.5,39.88
452,2014-11-24,47.59,335.64,139.8,55.33,40.26
453,2014-11-25,47.47,335.04,138.87,55.91,40.105
454,2014-11-26,47.75,333.57,139.75,56.2,39.85
455,2014-11-28,47.81,338.64,142.12,59.03,40.605
456,2014-12-01,48.62,326.0,141.98,55.41,40.425
457,2014-12-02,48.46,326.31,143.06,55.25,40.185
458,2014-12-03,48.08,316.5,142.69,56.76,40.235
459,2014-12-04,48.84,316.93,143.02,56.74,40.655
460,2014-12-05,48.42,312.63,143.25,57.26,41.785
461,2014-12-08,47.695,306.64,142.33,57.44,41.9
462,2014-12-09,47.59,312.5,143.04,56.4,41.515
463,2014-12-10,46.9,305.84,140.25,55.19,41.33
464,2014-12-11,47.17,307.36,141.41,55.97,41.56
465,2014-12-12,46.95,307.32,137.88,55.81,41.625
466,2014-12-15,46.67,306.07,138.19,57.65,40.445
467,2014-12-16,45.16,295.06,137.31,55.68,39.565
468,2014-12-17,45.74,298.88,139.33,56.03,40.2175
469,2014-12-18,47.52,297.73,141.56,56.34,40.015
470,2014-12-19,47.66,299.9,141.77,56.16,39.72
471,2014-12-22,47.98,306.54,143.21,56.73,40.27
472,2014-12-23,48.45,306.285,144.15,56.75,40.715
473,2014-12-24,48.14,303.03,143.65,58.72,40.635
474,2014-12-26,47.88,309.09,143.44,59.02,40.915
475,2014-12-29,47.45,312.04,143.34,59.73,41.19
476,2014-12-30,47.02,310.3,143.49,59.77,40.895
477,2014-12-31,46.45,310.35,141.75,59.76,41.025
478,2015-01-02,46.76,308.52,141.61,60.33,40.72
479,2015-01-05,46.325,302.19,140.0,59.47,39.94
480,2015-01-06,45.65,295.29,141.85,58.77,39.615
481,2015-01-07,46.23,298.42,144.32,59.67,40.59
482,2015-01-08,47.59,300.46,145.56,60.7,41.245
483,2015-01-09,47.19,296.93,143.32,59.73,39.895
484,2015-01-12,46.6,291.41,142.52,60.61,40.115
485,2015-01-13,46.355,294.74,141.09,61.41,40.435
486,2015-01-14,45.955,293.27,139.31,61.54,40.21
487,2015-01-15,45.48,286.95,139.31,61.47,39.79
488,2015-01-16,46.24,290.74,139.72,62.35,40.305
489,2015-01-20,46.39,289.44,139.38,64.6,40.6125
490,2015-01-21,45.92,297.25,139.14,64.98,40.645
491,2015-01-22,47.13,310.32,141.27,67.94,41.37
492,2015-01-23,47.18,312.39,142.05,68.65,44.11
493,2015-01-26,47.01,309.66,142.905,70.44,44.06
494,2015-01-27,42.66,306.75,140.99,69.7,44.17
495,2015-01-28,41.19,303.91,139.62,68.7,43.7825
496,2015-01-29,42.01,311.78,140.64,71.07,44.525
497,2015-01-30,40.4,354.53,142.99,67.87,43.765
498,2015-02-02,41.28,364.47,146.0,67.32,43.995
499,2015-02-03,41.6,363.55,153.75,65.18,44.245
500,2015-02-04,41.84,364.75,155.92,66.7,44.35
501,2015-02-05,42.45,373.89,149.09,66.82,44.82
502,2015-02-06,42.41,374.28,148.7,65.92,44.5
503,2015-02-09,42.36,370.56,147.54,63.51,44.41
504,2015-02-10,42.6,372.995,148.22,65.37,45.59
505,2015-02-11,42.38,375.14,147.46,64.51,45.395
506,2015-02-12,43.09,377.17,147.76,62.75,45.9125
507,2015-02-13,43.87,381.83,147.1,62.56,45.79
508,2015-02-17,43.58,375.43,147.53,62.23,46.015
509,2015-02-18,43.53,373.37,147.23,63.83,46.5
510,2015-02-19,43.5,378.995,146.665,62.94,46.585
511,2015-02-20,43.855,383.66,147.535,64.14,46.755
512,2015-02-23,44.15,380.14,148.39,64.14,46.79
513,2015-02-24,44.09,378.59,148.21,64.43,46.725
514,2015-02-25,43.99,385.37,147.48,63.44,47.13
515,2015-02-26,44.055,384.8,146.65,63.98,47.275
516,2015-02-27,43.85,380.16,146.96,63.65,46.7425
517,2015-03-02,43.88,385.655,147.94,65.44,47.1125
518,2015-03-03,43.28,384.61,147.37,66.16,47.0
519,2015-03-04,43.055,382.72,147.17,65.77,46.53
520,2015-03-05,43.11,387.83,151.17,64.64,46.815
521,2015-03-06,42.36,380.09,149.545,63.73,46.1075
522,2015-03-09,42.85,378.56,150.68,63.98,46.52
523,2015-03-10,42.03,369.51,148.16,64.17,46.09
524,2015-03-11,41.98,366.37,147.4,65.08,45.71
525,2015-03-12,41.02,374.24,149.44,67.11,46.69
526,2015-03-13,41.38,370.58,149.28,66.66,46.645
527,2015-03-16,41.56,373.35,149.99,67.57,47.0225
528,2015-03-17,41.695,371.92,150.03,68.8,47.1925
529,2015-03-18,42.5,375.135,150.93,67.97,47.92
530,2015-03-19,42.285,373.24,151.31,68.35,48.88
531,2015-03-20,42.88,378.49,152.59,68.68,48.73
532,2015-03-23,42.855,375.11,152.93,67.49,48.685
533,2015-03-24,42.9,374.09,153.14,66.98,48.9575
534,2015-03-25,41.46,370.96,151.09,64.6,47.885
535,2015-03-26,41.21,367.35,150.06,64.61,47.54
536,2015-03-27,40.97,370.56,150.47,65.59,47.535
537,2015-03-30,40.96,374.59,152.365,66.2,47.99
538,2015-03-31,40.655,372.1,151.495,66.18,47.35
539,2015-04-01,40.72,370.255,150.24,64.0,46.51
540,2015-04-02,40.29,372.25,151.63,63.07,47.195
541,2015-04-06,41.545,377.04,152.5,62.4,47.26
542,2015-04-07,41.53,374.41,151.78,62.76,47.035
543,2015-04-08,41.42,381.2,152.0,64.81,47.615
544,2015-04-09,41.48,383.54,148.81,64.15,47.96
545,2015-04-10,41.72,382.65,149.635,63.94,48.17
546,2015-04-13,41.76,382.36,149.02,63.33,48.5
547,2015-04-14,41.65,385.11,149.52,62.53,48.3
548,2015-04-15,42.255,383.45,149.07,62.02,48.14
549,2015-04-16,42.16,386.04,147.11,63.5,48.245
550,2015-04-17,41.615,375.56,144.57,62.97,47.62
551,2015-04-20,42.905,389.51,146.31,63.4,47.97
552,2015-04-21,42.635,391.18,147.34,64.93,48.37
553,2015-04-22,42.985,389.8,146.98,64.31,48.335
554,2015-04-23,43.34,389.99,147.3,66.34,49.43
555,2015-04-24,47.87,445.1,148.12,68.3,51.84
556,2015-04-27,48.03,438.56,146.96,67.4,50.87
557,2015-04-28,49.155,429.31,146.61,66.47,50.61
558,2015-04-29,49.06,429.37,144.46,65.34,50.65
559,2015-04-30,48.64,421.78,143.05,64.06,49.58
560,2015-05-01,48.655,422.87,145.39,65.3,50.29
561,2015-05-04,48.24,423.04,145.75,64.53,50.445
562,2015-05-05,47.6,421.19,144.5,62.97,49.405
563,2015-05-06,46.28,419.1,144.77,63.24,48.93
564,2015-05-07,46.7,426.88,144.56,64.96,49.35
565,2015-05-08,47.75,433.69,145.88,66.27,49.78
566,2015-05-11,47.37,432.85,144.27,66.33,49.5
567,2015-05-12,47.35,431.02,144.07,65.18,49.71
568,2015-05-13,47.625,426.87,143.24,64.71,49.59
569,2015-05-14,48.72,432.28,142.6,66.13,50.555
570,2015-05-15,48.295,426.0,144.83,66.5,50.8
571,2015-05-18,48.01,425.24,145.06,67.58,51.18
572,2015-05-19,47.58,421.71,144.74,66.99,51.42
573,2015-05-20,47.58,423.86,143.49,63.96,51.03
574,2015-05-21,47.42,431.63,143.94,64.69,51.33
575,2015-05-22,46.9,427.63,143.68,64.4,51.48
576,2015-05-26,46.59,425.47,143.25,62.37,50.84
577,2015-05-27,47.61,431.42,145.42,63.4,51.59
578,2015-05-28,47.45,426.57,144.26,63.74,51.81
579,2015-05-29,46.86,429.23,142.59,64.64,51.96
580,2015-06-01,47.23,430.92,142.39,66.09,52.22
581,2015-06-02,46.92,430.99,141.4,65.72,51.73
582,2015-06-03,46.85,436.59,142.13,65.86,52.12
583,2015-06-04,46.36,430.78,140.65,65.51,51.72
584,2015-06-05,46.14,426.95,138.78,65.66,52.19
585,2015-06-08,45.73,423.5,138.05,62.53,51.53
586,2015-06-09,45.65,425.48,138.04,60.65,51.54
587,2015-06-10,46.61,430.77,139.43,60.76,52.69
588,2015-06-11,46.44,432.97,139.32,61.82,52.49
589,2015-06-12,45.97,429.92,138.78,63.5,52.63
590,2015-06-15,45.475,423.67,137.23,62.66,52.27
591,2015-06-16,45.83,427.26,137.98,62.28,52.965
592,2015-06-17,45.97,427.81,138.875,62.03,53.24
593,2015-06-18,46.72,439.39,140.5,63.99,54.11
594,2015-06-19,46.1,434.92,140.3,64.65,53.93
595,2015-06-22,46.23,436.29,140.19,66.22,53.9
596,2015-06-23,45.91,445.99,139.65,66.52,54.115
597,2015-06-24,45.635,440.84,138.34,66.2,53.71
598,2015-06-25,45.65,440.1,137.45,65.43,54.07
599,2015-06-26,45.26,438.1,138.06,64.75,54.62
600,2015-06-29,44.37,429.86,135.69,63.86,53.55
601,2015-06-30,44.15,434.09,135.06,64.43,53.615
602,2015-07-01,44.445,437.39,136.49,64.3,53.89
603,2015-07-02,44.4,437.71,136.39,65.01,54.24
604,2015-07-06,44.39,436.04,135.88,66.16,54.305
605,2015-07-07,44.3,436.72,140.5,67.44,54.375
606,2015-07-08,44.24,429.7,139.9,66.12,53.39
607,2015-07-09,44.52,434.39,139.45,66.54,54.05
608,2015-07-10,44.61,443.51,142.72,70.55,54.57
609,2015-07-13,45.54,455.57,144.06,72.25,55.7
610,2015-07-14,45.62,465.57,143.93,73.62,55.75
611,2015-07-15,45.76,461.19,143.63,73.72,55.34
612,2015-07-16,46.66,475.48,144.33,74.69,55.74
613,2015-07-17,46.62,483.01,144.68,74.77,55.69
614,2015-07-20,46.92,488.1,145.04,74.14,56.21
615,2015-07-21,47.28,488.0,144.94,74.95,56.2
616,2015-07-22,45.54,488.27,146.38,75.83,56.69
617,2015-07-23,46.11,482.18,145.6,73.79,56.56
618,2015-07-24,45.94,529.42,144.99,74.1,57.29
619,2015-07-27,45.35,531.41,144.25,73.02,56.98
620,2015-07-28,45.34,526.03,144.55,74.32,57.14
621,2015-07-29,46.29,529.0,145.38,74.78,57.51
622,2015-07-30,46.88,536.76,145.3,75.16,58.06
623,2015-07-31,46.7,536.15,145.3,75.75,57.93
624,2015-08-03,46.81,535.03,145.52,78.02,58.19
625,2015-08-04,47.54,531.9,144.84,77.77,58.7
626,2015-08-05,47.58,537.01,146.89,79.03,59.01
627,2015-08-06,46.62,529.46,146.44,77.75,57.23
628,2015-08-07,46.74,522.62,145.26,77.99,57.2
629,2015-08-10,47.33,524.0,146.25,78.63,56.27
630,2015-08-11,46.41,527.46,145.89,79.96,56.35
631,2015-08-12,46.74,525.91,146.49,78.54,56.38
632,2015-08-13,46.73,529.66,145.27,79.29,56.85
633,2015-08-14,47.0,531.52,146.09,79.6,57.1
634,2015-08-17,47.32,535.22,146.09,81.51,57.74
635,2015-08-18,47.27,535.02,145.63,81.51,57.83
636,2015-08-19,46.61,532.92,145.17,80.99,57.59
637,2015-08-20,45.66,515.78,143.71,79.01,55.81
638,2015-08-21,43.07,494.47,138.99,76.14,52.84
639,2015-08-24,41.68,463.37,132.97,73.1,50.34
640,2015-08-25,40.47,466.37,132.71,74.55,51.09
641,2015-08-26,42.71,500.77,138.16,76.32,53.96
642,2015-08-27,43.9,518.37,140.21,76.24,55.95
643,2015-08-28,43.93,518.01,139.95,75.81,55.63
644,2015-08-31,43.52,512.89,140.05,74.86,54.71
645,2015-09-01,41.82,496.54,138.3,74.8,53.5
646,2015-09-02,43.36,510.55,140.42,78.83,55.26
647,2015-09-03,43.5,504.72,140.48,78.07,54.69
648,2015-09-04,42.61,499.0,138.48,78.58,54.28
649,2015-09-08,43.89,517.54,141.43,81.24,55.21
650,2015-09-09,43.07,516.89,139.68,81.77,54.69
651,2015-09-10,43.29,522.24,140.01,81.29,55.37
652,2015-09-11,43.48,529.44,141.05,81.87,56.53
653,2015-09-14,43.04,521.38,141.15,80.74,56.29
654,2015-09-15,43.98,522.37,142.43,79.74,56.91
655,2015-09-16,44.3,527.39,143.61,79.13,57.26
656,2015-09-17,44.25,538.87,143.35,79.69,57.28
657,2015-09-18,43.48,540.26,141.81,78.74,56.84
658,2015-09-21,44.11,548.39,143.21,82.09,57.54
659,2015-09-22,43.9,538.4,142.65,78.65,57.12
660,2015-09-23,43.87,536.07,145.43,80.07,57.79
661,2015-09-24,43.91,533.75,144.87,78.98,58.37
662,2015-09-25,43.94,524.25,145.55,80.7,57.99
663,2015-09-28,43.29,504.06,143.55,78.11,55.77
664,2015-09-29,43.44,496.07,143.72,78.38,55.72
665,2015-09-30,44.26,511.89,144.57,79.45,56.84
666,2015-10-01,44.61,520.72,144.56,80.23,57.48
667,2015-10-02,45.57,532.54,145.86,79.26,58.08
668,2015-10-05,46.63,543.68,148.07,80.91,59.04
669,2015-10-06,46.75,537.48,148.41,74.53,58.69
670,2015-10-07,46.8,541.94,147.96,75.97,58.78
671,2015-10-08,47.45,533.16,151.66,75.76,59.46
672,2015-10-09,47.11,539.8,153.97,75.92,60.07
673,2015-10-12,47.0,550.19,153.63,77.99,60.54
674,2015-10-13,46.89,548.9,152.28,73.92,60.16
675,2015-10-14,46.68,544.83,149.84,73.45,58.82
676,2015-10-15,47.01,562.44,151.77,75.98,59.69
677,2015-10-16,47.51,570.76,152.06,75.83,59.93
678,2015-10-19,47.62,573.15,153.22,76.87,60.97
679,2015-10-20,47.77,560.88,154.56,76.49,60.88
680,2015-10-21,47.2,555.77,155.21,74.73,60.53
681,2015-10-22,48.03,563.91,158.15,75.97,61.49
682,2015-10-23,52.87,599.03,155.74,79.09,62.61
683,2015-10-26,54.25,608.61,156.73,79.16,63.43
684,2015-10-27,53.69,611.01,157.76,77.95,62.71
685,2015-10-28,53.98,617.1,157.76,75.19,63.51
686,2015-10-29,53.36,626.55,158.28,75.77,62.5
687,2015-10-30,52.64,625.9,158.12,76.25,62.57
688,2015-11-02,53.24,628.35,159.15,77.13,62.24
689,2015-11-03,54.15,625.31,158.8,77.68,62.8
690,2015-11-04,54.4,640.95,157.15,77.41,61.96
691,2015-11-05,54.38,655.65,156.27,78.06,62.28
692,2015-11-06,54.92,659.37,157.55,78.08,61.97
693,2015-11-09,54.16,655.49,155.16,77.31,61.34
694,2015-11-10,53.51,659.68,156.41,78.57,62.18
695,2015-11-11,53.65,673.25,156.39,77.57,61.87
696,2015-11-12,53.32,665.6,156.0,76.68,61.07
697,2015-11-13,52.84,642.35,153.67,75.96,59.74
698,2015-11-16,53.765,647.81,156.45,76.85,60.68
699,2015-11-17,52.97,643.3,158.89,77.54,60.55
700,2015-11-18,53.85,663.54,161.25,78.09,61.8
701,2015-11-19,53.94,661.27,162.83,79.23,61.46
702,2015-11-20,54.19,668.45,163.1,81.86,61.99
703,2015-11-23,54.19,678.99,163.45,80.41,62.64
704,2015-11-24,54.25,671.15,162.19,79.6,61.96
705,2015-11-25,53.69,675.34,162.39,79.61,62.19
706,2015-11-27,53.93,673.26,163.58,79.76,62.18
707,2015-11-30,54.35,664.8,161.42,79.73,61.39
708,2015-12-01,55.22,679.06,161.29,81.17,61.37
709,2015-12-02,55.21,676.01,161.09,81.7,61.22
710,2015-12-03,54.2,666.25,163.67,80.55,59.55
711,2015-12-04,55.91,672.64,166.8,84.91,61.75
712,2015-12-07,55.81,669.83,167.12,86.33,61.89
713,2015-12-08,55.79,677.33,168.87,85.62,62.16
714,2015-12-09,54.98,664.79,159.72,83.51,61.18
715,2015-12-10,55.27,662.32,161.86,84.36,61.87
716,2015-12-11,54.06,640.15,160.02,82.77,59.82
717,2015-12-14,55.14,657.91,161.84,82.15,59.92
718,2015-12-15,55.2,658.64,161.29,82.13,59.98
719,2015-12-16,56.13,675.77,162.76,82.75,60.35
720,2015-12-17,55.7,670.65,160.68,81.13,59.515
721,2015-12-18,54.13,664.14,157.7,79.95,58.62
722,2015-12-21,54.83,664.51,159.39,82.5,59.54
723,2015-12-22,55.35,663.15,161.23,81.72,59.99
724,2015-12-23,55.82,663.7,161.71,82.16,60.34
725,2015-12-24,55.67,662.79,161.75,82.12,60.32
726,2015-12-28,55.95,675.2,161.16,82.42,60.19
727,2015-12-29,56.55,693.97,162.66,82.77,61.13
728,2015-12-30,56.31,689.07,162.71,81.44,60.82
729,2015-12-31,55.48,675.89,161.5,80.51,60.03
730,2016-01-04,54.8,636.99,159.54,78.4,58.26
731,2016-01-05,55.05,633.79,159.93,77.09,58.65
732,2016-01-06,54.05,632.65,158.45,78.2,58.13
733,2016-01-07,52.17,607.94,154.82,73.99,56.69
734,2016-01-08,52.33,607.05,152.11,70.38,56.63
735,2016-01-11,52.3,617.74,154.72,70.67,57.82
736,2016-01-12,52.78,617.89,156.055,71.04,59.46
737,2016-01-13,51.64,581.81,152.12,67.66,57.87
738,2016-01-14,53.11,593.0,153.18,68.75,58.98
739,2016-01-15,50.99,570.18,150.39,68.73,58.0
740,2016-01-19,50.56,574.48,150.47,67.05,58.55
741,2016-01-20,50.79,571.77,148.82,67.16,56.92
742,2016-01-21,50.48,575.02,150.38,72.61,59.03
743,2016-01-22,52.29,596.38,153.69,72.86,59.17
744,2016-01-25,51.79,596.53,150.78,69.79,57.71
745,2016-01-26,52.17,601.25,148.5,71.33,58.61
746,2016-01-27,51.22,583.35,147.73,70.02,57.63
747,2016-01-28,52.055,635.35,149.59,68.57,59.285
748,2016-01-29,55.09,587.0,151.12,70.4,60.77
749,2016-02-01,54.71,574.81,151.25,70.29,61.4
750,2016-02-02,53.0,552.1,148.5,67.96,60.695
751,2016-02-03,52.16,531.07,146.7,67.27,59.53
752,2016-02-04,52.0,536.26,143.28,68.91,58.29
753,2016-02-05,50.16,502.13,143.99,64.56,54.49
754,2016-02-08,49.41,488.1,147.02,63.06,54.14
755,2016-02-09,49.28,482.07,147.94,65.63,54.42
756,2016-02-10,49.71,490.48,148.05,66.84,55.14
757,2016-02-11,49.69,503.82,146.65,66.94,54.92
758,2016-02-12,50.5,507.08,148.65,68.44,55.86
759,2016-02-16,51.09,521.1,149.11,69.6,56.41
760,2016-02-17,52.42,534.1,150.91,71.77,57.63
761,2016-02-18,52.19,525.0,148.65,72.32,56.96
762,2016-02-19,51.82,534.9,148.7,72.34,57.67
763,2016-02-22,52.65,559.5,150.06,72.39,58.87
764,2016-02-23,51.18,552.94,150.36,72.74,58.46
765,2016-02-24,51.36,554.04,153.87,73.6,58.11
766,2016-02-25,52.1,555.15,154.72,74.91,58.75
767,2016-02-26,51.3,555.23,149.68,74.57,58.34
768,2016-02-29,50.88,552.52,150.03,73.9,58.21
769,2016-03-01,52.58,579.04,150.52,77.07,60.04
770,2016-03-02,52.95,580.21,152.79,77.26,59.56
771,2016-03-03,52.35,577.49,151.6,78.25,59.04
772,2016-03-04,52.03,575.14,150.9,77.67,58.7
773,2016-03-07,51.03,562.8,148.17,77.2,58.0
774,2016-03-08,51.65,560.26,150.95,76.4,57.6
775,2016-03-09,52.84,559.47,153.05,77.32,57.07
776,2016-03-10,52.05,558.93,152.87,76.39,57.52
777,2016-03-11,53.07,569.61,152.71,80.77,57.59
778,2016-03-14,53.17,573.37,152.67,79.79,58.65
779,2016-03-15,53.59,577.02,154.18,79.99,59.08
780,2016-03-16,54.35,574.27,154.06,80.53,59.67
781,2016-03-17,54.66,559.44,153.84,80.98,59.55
782,2016-03-18,53.49,552.08,153.15,82.03,59.7
783,2016-03-21,53.86,553.98,153.94,82.26,59.1
784,2016-03-22,54.07,560.48,152.23,82.03,59.38
785,2016-03-23,53.97,569.63,153.51,81.12,58.83
786,2016-03-24,54.21,582.95,151.43,80.59,58.36
787,2016-03-28,53.54,579.87,152.67,81.49,58.96
788,2016-03-29,54.71,593.86,155.26,82.35,59.55
789,2016-03-30,55.05,598.69,157.6,82.33,60.01
790,2016-03-31,55.23,593.64,157.58,82.02,59.7
791,2016-04-01,55.57,598.5,158.25,82.01,61.02
792,2016-04-04,55.43,593.19,157.73,78.92,60.25
793,2016-04-05,54.56,586.14,155.99,79.68,60.04
794,2016-04-06,55.12,602.08,156.77,79.64,60.83
795,2016-04-07,54.46,591.43,152.03,78.28,61.17
796,2016-04-08,54.42,594.6,151.65,79.08,61.04
797,2016-04-11,54.31,595.93,149.05,78.48,60.9
798,2016-04-12,54.65,603.17,150.52,79.25,59.5
799,2016-04-13,55.35,614.82,151.88,81.87,60.21
800,2016-04-14,55.36,620.75,151.4,81.86,60.13
801,2016-04-15,55.65,625.89,153.17,82.38,60.51
802,2016-04-18,56.46,635.35,153.3,82.24,60.89
803,2016-04-19,56.39,627.9,153.68,82.12,60.9
804,2016-04-20,55.59,632.99,152.74,81.6,60.9
805,2016-04-21,55.78,631.0,151.42,79.38,60.64
806,2016-04-22,51.78,620.5,149.92,76.81,57.68
807,2016-04-25,52.11,626.2,151.51,74.45,57.77
808,2016-04-26,51.44,616.88,152.6,74.35,57.72
809,2016-04-27,50.94,606.57,151.77,73.58,56.9
810,2016-04-28,49.9,602.0,151.44,72.01,56.42
811,2016-04-29,49.87,659.59,148.13,70.43,56.23
812,2016-05-02,50.61,683.85,150.93,70.53,57.36
813,2016-05-03,49.78,671.32,151.41,70.41,56.25
814,2016-05-04,49.87,670.9,151.51,69.1,56.39
815,2016-05-05,49.94,659.09,147.84,69.14,56.25
816,2016-05-06,50.39,673.95,146.44,68.51,56.31
817,2016-05-09,50.07,679.75,148.59,68.8,56.64
818,2016-05-10,51.02,703.07,149.56,69.33,57.49
819,2016-05-11,51.05,713.23,147.12,67.6,56.23
820,2016-05-12,51.51,717.93,146.72,65.57,56.3
821,2016-05-13,51.08,709.92,144.5,66.26,55.82
822,2016-05-16,51.83,710.66,145.79,66.31,55.53
823,2016-05-17,50.51,695.27,143.6,65.44,54.88
824,2016-05-18,50.81,697.45,141.29,66.42,54.8
825,2016-05-19,50.32,698.52,142.7,65.39,54.55
826,2016-05-20,50.62,702.8,142.69,65.21,54.62
827,2016-05-23,50.03,696.75,142.01,65.34,54.6
828,2016-05-24,51.59,704.2,142.57,66.87,55.44
829,2016-05-25,52.12,708.35,144.54,66.91,55.15
830,2016-05-26,51.89,714.91,149.71,66.14,55.29
831,2016-05-27,52.32,712.24,149.08,66.82,55.15
832,2016-05-31,53.0,722.79,148.77,66.4,54.89
833,2016-06-01,52.85,719.44,152.52,65.96,54.82
834,2016-06-02,52.48,728.24,151.51,65.94,54.62
835,2016-06-03,51.79,725.54,151.71,65.08,54.61
836,2016-06-06,52.13,726.73,152.24,65.21,55.59
837,2016-06-07,52.1,723.74,152.62,66.33,55.3
838,2016-06-08,52.04,726.64,153.37,66.39,55.22
839,2016-06-09,51.62,727.65,154.05,67.5,55.58
840,2016-06-10,51.48,717.91,154.87,66.92,54.865
841,2016-06-13,50.14,715.24,154.95,64.29,55.04
842,2016-06-14,49.83,719.3,155.87,61.52,55.57
843,2016-06-15,49.69,714.26,154.86,61.16,55.35
844,2016-06-16,50.39,717.51,156.42,60.37,55.53
845,2016-06-17,50.13,706.39,155.89,59.88,55.31
846,2016-06-20,50.07,714.01,156.48,59.48,55.38
847,2016-06-21,51.19,715.82,157.2,60.46,55.81
848,2016-06-22,50.99,710.6,158.12,59.68,55.61
849,2016-06-23,51.91,722.08,157.03,59.14,56.13
850,2016-06-24,49.83,698.96,155.56,56.49,54.68
851,2016-06-27,48.43,691.36,154.26,55.66,53.69
852,2016-06-28,49.44,707.95,155.6,56.71,54.85
853,2016-06-29,50.54,715.6,157.08,57.69,56.74
854,2016-06-30,51.17,715.62,157.04,58.29,57.12
855,2016-07-01,51.16,725.68,156.11,58.74,56.99
856,2016-07-05,51.17,728.1,155.25,58.63,56.77
857,2016-07-06,51.38,737.61,156.01,58.54,56.75
858,2016-07-07,51.38,736.57,163.7,59.47,56.91
859,2016-07-08,52.3,745.81,165.44,59.86,56.51
860,2016-07-11,52.59,753.78,166.72,60.16,56.32
861,2016-07-12,53.21,748.21,166.28,63.25,57.48
862,2016-07-13,53.51,742.63,166.78,63.17,56.48
863,2016-07-14,53.74,741.2,166.94,64.86,57.59
864,2016-07-15,53.7,735.44,166.41,65.04,57.41
865,2016-07-18,53.96,736.07,167.51,64.24,56.92
866,2016-07-19,53.09,739.95,168.12,63.87,56.76
867,2016-07-20,55.91,745.72,168.04,63.49,57.54
868,2016-07-21,55.8,744.43,167.05,64.71,57.6
869,2016-07-22,56.57,744.86,167.47,64.6,57.9
870,2016-07-25,56.73,739.61,167.97,65.4,57.95
871,2016-07-26,56.76,735.59,167.57,66.53,58.31
872,2016-07-27,56.19,736.67,166.15,67.87,57.85
873,2016-07-28,56.21,752.61,166.35,68.46,58.21
874,2016-07-29,56.68,758.81,167.22,67.22,58.05
875,2016-08-01,56.58,767.74,167.56,67.65,57.63
876,2016-08-02,56.58,760.58,166.5,64.89,56.73
877,2016-08-03,56.97,754.64,166.12,65.1,55.94
878,2016-08-04,57.39,760.77,166.55,65.1,55.42
879,2016-08-05,57.96,765.98,167.7,66.23,55.9
880,2016-08-08,58.06,766.56,167.4,65.86,55.36
881,2016-08-09,58.2,768.31,167.86,64.99,55.2
882,2016-08-10,58.02,768.56,168.29,64.84,55.62
883,2016-08-11,58.3,771.24,167.88,66.11,55.47
884,2016-08-12,57.94,772.56,169.04,65.38,55.47
885,2016-08-15,58.12,768.49,168.73,66.12,55.25
886,2016-08-16,57.44,764.04,168.41,66.0,55.37
887,2016-08-17,57.56,764.63,167.96,67.35,55.8
888,2016-08-18,57.6,764.46,167.75,67.7,55.53
889,2016-08-19,57.62,757.31,168.02,67.07,54.94
890,2016-08-22,57.67,759.48,167.94,66.86,55.85
891,2016-08-23,57.89,762.45,167.36,67.35,56.4
892,2016-08-24,57.95,757.25,167.57,67.92,57.09
893,2016-08-25,58.17,759.22,164.86,68.34,57.29
894,2016-08-26,58.03,769.0,163.93,67.27,57.29
895,2016-08-29,58.1,771.29,163.98,67.04,56.8
896,2016-08-30,57.89,767.58,161.96,67.55,56.4
897,2016-08-31,57.46,769.16,162.09,67.53,56.23
898,2016-09-01,57.59,770.62,156.21,67.26,56.31
899,2016-09-02,57.67,772.44,157.98,68.21,56.18
900,2016-09-06,57.61,788.87,158.06,69.0,56.02
901,2016-09-07,57.66,784.48,155.64,71.03,56.32
902,2016-09-08,57.43,784.06,153.47,71.32,55.3
903,2016-09-09,56.21,760.14,150.7,68.86,54.35
904,2016-09-12,57.05,771.49,151.69,69.79,54.71
905,2016-09-13,56.53,761.01,150.74,68.32,53.98
906,2016-09-14,56.26,761.09,150.69,66.65,53.9
907,2016-09-15,57.19,769.69,152.67,66.81,54.11
908,2016-09-16,57.25,778.52,152.35,65.7,53.74
909,2016-09-19,56.93,775.1,151.79,65.69,53.01
910,2016-09-20,56.81,780.22,152.17,65.5,53.3
911,2016-09-21,57.76,789.74,152.7,66.7,53.98
912,2016-09-22,57.82,804.7,153.15,66.04,54.39
913,2016-09-23,57.43,805.75,152.53,65.77,54.43
914,2016-09-26,56.9,799.16,151.19,64.6,54.04
915,2016-09-27,57.95,816.11,150.45,65.99,54.19
916,2016-09-28,58.03,828.72,149.41,66.2,53.98
917,2016-09-29,57.4,829.05,147.49,65.31,53.45
918,2016-09-30,57.6,837.31,152.51,65.86,54.14
919,2016-10-03,57.42,836.74,151.01,67.09,53.84
920,2016-10-04,57.24,834.03,150.48,68.71,53.53
921,2016-10-05,57.64,844.36,149.98,68.31,53.35
922,2016-10-06,57.74,841.66,149.47,69.09,53.14
923,2016-10-07,57.8,839.43,149.99,68.11,53.46
924,2016-10-10,58.04,841.71,150.28,69.91,53.3
925,2016-10-11,57.19,831.0,151.01,69.33,52.92
926,2016-10-12,57.11,834.09,150.46,70.43,53.16
927,2016-10-13,56.92,829.28,150.22,72.96,52.95
928,2016-10-14,57.42,822.96,150.15,72.31,53.08
929,2016-10-17,57.22,812.95,148.7,71.94,52.76
930,2016-10-18,57.66,817.65,149.11,72.11,52.61
931,2016-10-19,57.53,817.69,149.45,73.46,53.15
932,2016-10-20,57.25,810.32,150.04,75.29,53.59
933,2016-10-21,59.66,818.99,148.97,74.56,53.63
934,2016-10-24,61.0,838.09,152.12,73.61,54.18
935,2016-10-25,60.99,835.18,150.99,72.4,53.67
936,2016-10-26,60.63,822.59,150.98,71.13,53.63
937,2016-10-27,60.1,818.36,150.86,71.12,53.59
938,2016-10-28,59.87,776.32,149.76,71.78,53.53
939,2016-10-31,59.92,789.82,147.87,72.22,53.07
940,2016-11-01,59.8,785.41,146.66,71.43,52.5
941,2016-11-02,59.43,765.56,146.27,70.96,52.98
942,2016-11-03,59.21,767.03,144.45,69.66,51.77
943,2016-11-04,58.71,755.05,142.24,70.26,52.75
944,2016-11-07,60.42,784.93,143.54,72.57,54.49
945,2016-11-08,60.47,787.75,146.09,72.71,54.62
946,2016-11-09,60.17,771.88,146.79,73.18,54.58
947,2016-11-10,58.7,742.38,146.7,74.97,53.57
948,2016-11-11,59.02,739.01,149.36,75.23,53.93
949,2016-11-14,58.12,719.07,152.0,77.83,54.22
950,2016-11-15,58.87,743.24,151.15,78.24,54.59
951,2016-11-16,59.65,746.49,152.14,77.77,55.44
952,2016-11-17,60.64,756.4,151.2,78.85,55.85
953,2016-11-18,60.35,760.16,150.36,79.47,55.77
954,2016-11-21,60.86,780.0,151.17,78.78,56.1
955,2016-11-22,61.12,785.33,152.67,81.53,57.12
956,2016-11-23,60.4,780.12,151.6,82.96,57.59
957,2016-11-25,60.53,780.37,151.88,82.75,57.43
958,2016-11-28,60.61,766.77,151.25,82.43,57.59
959,2016-11-29,61.09,762.52,151.48,82.78,58.17
960,2016-11-30,60.26,750.57,150.11,82.27,57.97
961,2016-12-01,59.2,743.65,151.74,82.86,58.51
962,2016-12-02,59.25,740.34,152.09,84.83,57.21
963,2016-12-05,60.22,759.36,151.77,83.12,57.5
964,2016-12-06,59.95,764.72,151.01,84.8,57.44
965,2016-12-07,61.37,770.42,153.85,87.67,58.76
966,2016-12-08,61.01,767.33,157.59,88.55,58.65
967,2016-12-09,61.97,768.66,159.7,89.77,58.75
968,2016-12-12,62.17,760.12,160.33,86.73,58.77
969,2016-12-13,62.98,774.34,159.77,86.87,59.31
970,2016-12-14,62.68,768.82,158.99,86.38,58.75
971,2016-12-15,62.58,761.0,160.11,90.12,57.71
972,2016-12-16,62.3,757.77,160.41,88.73,57.66
973,2016-12-19,63.62,766.0,163.46,90.33,57.65
974,2016-12-20,63.54,771.22,163.86,91.56,57.7
975,2016-12-21,63.54,770.6,163.04,91.12,57.44
976,2016-12-22,63.55,766.34,162.07,89.1,57.11
977,2016-12-23,63.24,760.59,162.08,90.43,57.01
978,2016-12-27,63.28,771.4,162.05,90.54,56.86
979,2016-12-28,62.99,772.13,161.01,88.69,56.35
980,2016-12-29,62.9,765.15,161.13,88.53,56.32
981,2016-12-30,62.14,749.87,160.11,88.73,55.52
982,2017-01-03,62.58,753.67,159.73,88.0,55.35
983,2017-01-04,62.3,757.18,159.76,89.18,55.99
984,2017-01-05,62.3,780.45,162.91,87.76,56.46
985,2017-01-06,62.84,795.99,162.83,86.98,57.13
986,2017-01-09,62.64,796.92,160.97,87.47,58.2
987,2017-01-10,62.62,795.9,161.66,92.0,57.88
988,2017-01-11,63.19,799.02,161.54,93.8,58.1
989,2017-01-12,62.61,813.64,161.87,93.26,58.03
990,2017-01-13,62.7,817.14,161.86,94.32,57.85
991,2017-01-17,62.53,809.72,163.81,93.41,58.0
992,2017-01-18,62.5,807.48,164.27,92.93,58.45
993,2017-01-19,62.3,809.04,163.7,94.22,57.89
994,2017-01-20,62.74,808.33,164.24,94.71,57.66
995,2017-01-23,62.96,817.88,163.01,93.07,57.76
996,2017-01-24,63.52,822.44,163.67,92.86,58.44
997,2017-01-25,63.68,836.52,164.14,93.38,58.7
998,2017-01-26,64.27,839.15,164.07,95.9,58.46
999,2017-01-27,65.78,835.77,162.06,95.13,56.12
1000,2017-01-30,65.13,830.38,163.25,94.16,55.9
1001,2017-01-31,64.65,823.48,163.95,93.82,55.22
1002,2017-02-01,63.58,832.35,161.86,93.63,53.9
1003,2017-02-02,63.17,839.95,168.15,94.53,53.87
1004,2017-02-03,63.68,810.2,168.32,94.09,55.06
1005,2017-02-06,63.64,807.64,167.03,95.12,55.73
1006,2017-02-07,63.43,812.5,167.52,94.1,55.24
1007,2017-02-08,63.34,819.71,168.42,97.2,55.22
1008,2017-02-09,64.06,821.36,170.96,98.41,55.81
1009,2017-02-10,64.0,827.46,172.0,97.35,56.22
1010,2017-02-13,64.72,836.53,171.96,98.02,56.11
1011,2017-02-14,64.57,836.39,173.63,96.3,56.58
1012,2017-02-15,64.53,842.7,175.0,96.96,56.86
1013,2017-02-16,64.52,844.14,175.75,96.69,56.73
1014,2017-02-17,64.62,845.07,175.86,96.6,57.35
1015,2017-02-21,64.49,856.44,176.94,96.61,57.54
1016,2017-02-22,64.36,855.61,176.51,97.25,57.57
1017,2017-02-23,64.62,852.19,175.85,95.89,57.64
1018,2017-02-24,64.62,845.24,177.56,97.01,57.48
1019,2017-02-27,64.23,848.64,177.62,97.84,56.78
1020,2017-02-28,63.98,845.04,177.18,97.82,56.87
1021,2017-03-01,64.94,853.08,177.86,100.24,57.14
1022,2017-03-02,64.01,848.91,177.98,96.36,57.12
1023,2017-03-03,64.25,849.88,170.26,98.94,57.1
1024,2017-03-06,64.27,846.61,166.73,96.63,56.68
1025,2017-03-07,64.4,846.02,167.0,95.12,56.2
1026,2017-03-08,64.99,850.5,166.24,95.2,55.74
1027,2017-03-09,64.73,853.0,165.77,94.78,55.19
1028,2017-03-10,64.93,852.46,165.37,96.61,54.53
1029,2017-03-13,64.71,854.59,164.55,96.58,54.63
1030,2017-03-14,64.41,852.53,165.24,94.5,54.27
1031,2017-03-15,64.75,852.97,166.54,95.36,54.54
1032,2017-03-16,64.64,853.42,167.06,94.14,54.8
1033,2017-03-17,64.87,852.31,167.81,93.36,55.78
1034,2017-03-20,64.93,856.97,167.44,94.82,55.81
1035,2017-03-21,64.21,843.2,166.78,92.11,55.54
1036,2017-03-22,65.03,848.06,167.68,92.92,55.89
1037,2017-03-23,64.87,847.38,166.9,94.05,55.85
1038,2017-03-24,64.98,845.61,166.02,94.7,56.81
1039,2017-03-27,65.1,846.82,166.15,95.0,57.23
1040,2017-03-28,65.29,856.0,166.77,96.33,57.35
1041,2017-03-29,65.47,874.32,167.43,94.3,57.54
1042,2017-03-30,65.71,876.34,167.89,93.66,58.16
1043,2017-03-31,65.86,886.54,167.69,92.22,58.39
1044,2017-04-03,65.55,891.51,166.7,92.37,58.44
1045,2017-04-04,65.73,906.83,167.25,90.22,58.32
1046,2017-04-05,65.56,909.28,167.0,90.05,58.22
1047,2017-04-06,65.73,898.28,170.02,89.43,57.92
1048,2017-04-07,65.68,894.88,170.62,89.17,58.02
1049,2017-04-10,65.53,907.04,171.22,89.04,57.95
1050,2017-04-11,65.48,902.36,170.63,88.84,57.88
1051,2017-04-12,65.23,896.23,170.17,88.66,57.58
1052,2017-04-13,64.95,884.67,168.84,86.33,57.51
1053,2017-04-17,65.48,901.99,169.7,86.91,58.08
1054,2017-04-18,65.39,903.78,170.13,86.53,58.35
1055,2017-04-19,65.04,899.2,170.06,87.19,59.04
1056,2017-04-20,65.5,902.06,170.15,88.37,60.08
1057,2017-04-21,66.4,898.53,170.77,89.11,60.61
1058,2017-04-24,67.53,907.41,172.33,90.68,61.11
1059,2017-04-25,67.92,907.62,172.68,91.42,60.96
1060,2017-04-26,67.83,909.29,176.8,88.25,61.56
1061,2017-04-27,68.27,918.38,177.45,84.93,61.3
1062,2017-04-28,68.46,924.99,177.52,85.09,60.06
1063,2017-05-01,69.41,948.23,177.86,84.42,60.18
1064,2017-05-02,69.3,946.94,178.59,86.49,60.5
1065,2017-05-03,69.08,941.03,179.82,86.6,60.59
1066,2017-05-04,68.81,937.53,182.45,85.43,60.83
1067,2017-05-05,69.0,934.15,180.2,85.24,60.95
1068,2017-05-08,68.94,949.04,172.64,83.53,60.94
1069,2017-05-09,69.04,952.82,172.68,84.21,60.98
1070,2017-05-10,69.31,948.95,171.35,83.19,60.66
1071,2017-05-11,68.46,947.62,171.26,83.65,60.27
1072,2017-05-12,68.38,961.35,170.88,83.59,59.93
1073,2017-05-15,68.43,957.97,171.57,84.87,60.45
1074,2017-05-16,69.41,966.07,171.0,84.73,59.98
1075,2017-05-17,67.48,944.76,169.15,82.19,59.73
1076,2017-05-18,67.71,958.49,170.72,83.04,59.82
1077,2017-05-19,67.69,959.84,171.64,84.57,61.36
1078,2017-05-22,68.45,970.67,172.4,85.28,61.23
1079,2017-05-23,68.68,971.54,172.47,85.78,61.15
1080,2017-05-24,68.77,980.35,173.01,84.54,61.89
1081,2017-05-25,69.62,993.38,174.73,86.58,62.9
1082,2017-05-26,69.96,995.78,177.86,86.62,63.3
1083,2017-05-30,70.41,996.7,178.92,85.81,63.26
1084,2017-05-31,69.84,994.62,180.43,87.05,63.61
1085,2017-06-01,70.1,995.95,180.63,88.23,63.75
1086,2017-06-02,71.76,1006.73,180.97,89.31,64.57
1087,2017-06-05,72.28,1011.34,182.08,89.3,64.27
1088,2017-06-06,72.52,1003.0,181.45,89.2,64.16
1089,2017-06-07,72.39,1010.07,182.2,91.69,63.5
1090,2017-06-08,71.95,1010.27,181.41,90.54,62.24
1091,2017-06-09,70.32,978.31,180.38,89.93,62.19
1092,2017-06-12,69.78,964.91,179.64,89.04,61.29
1093,2017-06-13,70.65,980.79,180.51,88.91,60.92
1094,2017-06-14,70.27,976.47,181.67,89.17,60.27
1095,2017-06-15,69.9,964.17,180.06,88.41,60.09
1096,2017-06-16,70.0,987.71,167.11,88.74,60.14
1097,2017-06-19,70.87,995.17,164.34,90.77,60.9
1098,2017-06-20,69.91,992.59,162.9,89.39,59.86
1099,2017-06-21,70.27,1002.23,163.15,90.83,59.96
1100,2017-06-22,70.26,1001.3,159.79,91.02,59.51
1101,2017-06-23,71.21,1003.74,157.13,91.63,59.81
1102,2017-06-26,70.53,993.98,160.2,90.87,59.64
1103,2017-06-27,69.21,976.78,159.26,88.92,58.96
1104,2017-06-28,69.8,990.33,160.17,88.41,59.18
1105,2017-06-29,68.49,975.93,158.68,89.1,58.36
1106,2017-06-30,68.93,968.0,159.93,89.76,58.31
1107,2017-07-03,68.17,953.66,158.82,90.22,58.25
1108,2017-07-05,69.08,971.4,158.02,91.28,57.94
1109,2017-07-06,68.57,965.14,157.09,91.4,57.6
1110,2017-07-07,69.46,978.76,154.11,93.89,58.04
1111,2017-07-10,69.98,996.47,151.0,92.94,57.81
1112,2017-07-11,69.99,994.13,151.11,91.57,57.9
1113,2017-07-12,71.15,1006.51,151.75,94.63,58.54
1114,2017-07-13,71.77,1000.63,153.6,93.74,58.38
1115,2017-07-14,72.78,1001.81,153.0,92.63,58.76
1116,2017-07-17,73.35,1010.04,152.84,92.08,58.33
1117,2017-07-18,73.3,1024.45,151.5,90.75,58.21
1118,2017-07-19,73.86,1026.87,151.24,90.27,58.11
1119,2017-07-20,74.22,1028.7,150.99,89.1,58.03
1120,2017-07-21,73.79,1025.67,150.44,88.25,57.98
1121,2017-07-24,73.6,1038.95,151.0,87.01,58.02
1122,2017-07-25,74.19,1039.87,153.17,87.13,58.55
1123,2017-07-26,74.05,1052.8,152.09,87.72,57.94
1124,2017-07-27,73.16,1046.0,152.52,87.98,59.5
1125,2017-07-28,73.04,1020.04,152.89,86.32,54.0
1126,2017-07-31,72.7,987.78,158.51,85.23,53.98
1127,2017-08-01,72.58,992.27,156.95,85.87,54.73
1128,2017-08-02,72.26,995.89,161.28,85.64,55.43
1129,2017-08-03,72.15,986.92,157.91,84.99,55.68
1130,2017-08-04,72.68,987.58,156.44,85.87,55.44
1131,2017-08-07,72.4,992.27,156.95,86.0,55.63
1132,2017-08-08,72.79,989.84,157.75,85.15,54.52
1133,2017-08-09,72.47,982.01,156.86,84.34,53.74
1134,2017-08-10,71.41,956.92,156.64,83.79,53.07
1135,2017-08-11,72.5,967.99,156.65,84.47,53.18
1136,2017-08-14,73.59,983.3,157.91,85.09,53.22
1137,2017-08-15,73.22,982.74,156.88,83.91,53.15
1138,2017-08-16,73.65,978.18,159.76,83.81,53.5
1139,2017-08-17,72.4,960.57,158.57,80.02,53.04
1140,2017-08-18,72.49,958.47,157.08,78.45,52.7
1141,2017-08-21,72.15,953.29,157.07,77.98,53.15
1142,2017-08-22,73.16,966.9,158.7,77.11,54.45
1143,2017-08-23,72.72,958.0,159.37,74.91,54.08
1144,2017-08-24,72.69,952.45,151.33,73.52,53.94
1145,2017-08-25,72.82,945.26,152.45,75.53,54.36
1146,2017-08-28,72.83,946.02,152.55,74.31,54.4
1147,2017-08-29,73.05,954.06,153.56,74.38,54.1
1148,2017-08-30,74.01,967.59,154.44,74.13,54.52
1149,2017-08-31,74.77,980.6,156.74,74.66,54.86
1150,2017-09-01,73.94,978.25,158.24,75.15,54.93
1151,2017-09-05,73.61,965.27,159.14,73.05,55.13
1152,2017-09-06,73.4,967.8,158.86,73.68,54.31
1153,2017-09-07,74.34,979.47,159.28,73.16,53.47
1154,2017-09-08,73.98,965.9,157.31,74.3,53.49
1155,2017-09-11,74.76,977.96,157.36,75.59,54.02
1156,2017-09-12,74.68,982.58,160.04,76.32,53.54
1157,2017-09-13,75.21,999.6,162.99,76.21,54.29
1158,2017-09-14,74.77,992.21,162.37,77.49,54.53
1159,2017-09-15,75.31,986.79,162.3,75.28,54.67
1160,2017-09-18,75.16,974.19,160.91,73.07,54.69
1161,2017-09-19,75.44,969.86,161.56,72.24,54.62
1162,2017-09-20,74.94,973.21,162.85,73.0,55.15
1163,2017-09-21,74.21,964.65,161.48,72.91,55.01
1164,2017-09-22,74.41,955.1,161.29,74.75,55.09
1165,2017-09-25,73.26,939.79,162.33,74.79,54.95
1166,2017-09-26,73.26,938.6,164.07,74.96,55.13
1167,2017-09-27,73.85,950.87,164.42,75.1,54.99
1168,2017-09-28,73.87,956.4,163.9,75.87,54.5
1169,2017-09-29,74.49,961.35,164.29,76.27,53.71
1170,2017-10-02,74.61,959.19,165.89,77.03,53.81
1171,2017-10-03,74.26,957.1,165.08,80.15,53.99
1172,2017-10-04,74.69,965.45,165.21,80.84,53.93
1173,2017-10-05,75.97,980.85,167.07,79.75,54.6
1174,2017-10-06,76.0,989.58,157.09,80.56,55.17
1175,2017-10-09,76.29,990.99,154.61,80.41,55.02
1176,2017-10-10,76.29,987.2,156.87,80.68,55.42
1177,2017-10-11,76.42,995.0,157.87,81.52,55.64
1178,2017-10-12,77.12,1000.93,157.22,80.4,55.97
1179,2017-10-13,77.49,1002.94,159.85,80.96,55.72
1180,2017-10-16,77.65,1006.34,158.81,80.47,54.91
1181,2017-10-17,77.59,1009.13,158.38,80.52,54.51
1182,2017-10-18,77.61,997.0,157.55,80.43,55.21
1183,2017-10-19,77.91,986.61,158.46,78.83,55.4
1184,2017-10-20,78.81,982.91,160.77,79.69,54.57
1185,2017-10-23,78.83,966.3,162.04,78.74,54.27
1186,2017-10-24,78.86,975.9,162.29,79.39,54.28
1187,2017-10-25,78.63,972.91,162.18,68.98,54.16
1188,2017-10-26,78.76,972.43,162.46,65.38,54.91
1189,2017-10-27,83.81,1100.95,162.38,66.58,54.88
1190,2017-10-30,83.89,1110.85,160.23,66.46,55.17
1191,2017-10-31,83.18,1105.28,161.08,66.03,54.84
1192,2017-11-01,83.18,1103.68,162.69,65.78,55.13
1193,2017-11-02,84.05,1094.22,164.95,63.65,54.87
1194,2017-11-03,84.14,1111.6,166.44,63.65,56.03
1195,2017-11-06,84.47,1120.66,165.05,63.94,56.57
1196,2017-11-07,84.27,1123.17,166.28,62.2,57.22
1197,2017-11-08,84.56,1132.88,169.05,62.08,57.91
1198,2017-11-09,84.09,1129.13,169.11,62.38,57.36
1199,2017-11-10,83.87,1125.35,171.36,62.42,57.04
1200,2017-11-13,83.93,1129.17,171.46,61.72,56.64
1201,2017-11-14,84.05,1136.84,171.44,61.68,56.93
1202,2017-11-15,82.98,1126.69,169.0,64.44,56.7
1203,2017-11-16,83.2,1137.29,170.98,65.87,57.24
1204,2017-11-17,82.4,1129.88,170.98,66.4,56.93
1205,2017-11-20,82.53,1126.31,172.28,66.1,56.81
1206,2017-11-21,83.72,1139.49,173.42,66.19,57.26
1207,2017-11-22,83.11,1156.16,172.48,65.58,57.14
1208,2017-11-24,83.26,1186.0,171.62,65.4,56.8
1209,2017-11-27,83.87,1195.83,172.61,65.36,55.91
1210,2017-11-28,84.88,1193.6,173.65,67.29,56.66
1211,2017-11-29,83.34,1161.27,177.53,69.11,57.51
1212,2017-11-30,84.17,1176.75,184.43,69.17,57.82
1213,2017-12-01,84.26,1162.35,185.13,66.91,57.32
1214,2017-12-04,81.08,1133.95,189.56,68.28,58.76
1215,2017-12-05,81.59,1141.57,187.82,68.1,59.34
1216,2017-12-06,82.78,1152.35,187.22,67.83,59.28
1217,2017-12-07,82.49,1159.79,186.2,69.37,59.14
1218,2017-12-08,84.16,1162.0,188.07,69.74,58.61
1219,2017-12-11,85.23,1168.92,188.86,69.72,59.07
1220,2017-12-12,85.58,1165.08,188.3,69.8,59.27
1221,2017-12-13,85.35,1164.13,188.28,69.02,59.49
1222,2017-12-14,84.69,1174.26,186.53,69.39,59.7
1223,2017-12-15,86.85,1179.14,192.73,70.83,58.29
1224,2017-12-18,86.38,1190.58,192.31,73.56,58.03
1225,2017-12-19,85.83,1187.38,188.33,73.19,58.01
1226,2017-12-20,85.52,1177.62,187.51,73.77,57.73
1227,2017-12-21,85.5,1174.76,186.8,74.69,57.58
1228,2017-12-22,85.51,1168.36,186.63,74.28,57.3
1229,2017-12-26,85.4,1176.76,186.55,74.84,57.14
1230,2017-12-27,85.71,1182.26,186.3,74.37,57.27
1231,2017-12-28,85.72,1186.1,186.62,74.57,57.81
1232,2017-12-29,85.54,1169.47,186.12,73.51,57.43
1233,2018-01-02,85.95,1189.01,188.32,75.01,57.63
1234,2018-01-03,86.35,1204.2,190.58,74.66,58.71
1235,2018-01-04,87.11,1209.59,189.1,73.85,58.93
1236,2018-01-05,88.19,1229.14,187.75,73.74,59.61
1237,2018-01-08,88.28,1246.87,188.48,72.75,59.31
1238,2018-01-09,88.22,1252.7,186.29,71.29,59.18
1239,2018-01-10,87.82,1254.33,185.42,72.05,59.82
1240,2018-01-11,88.08,1276.68,189.38,74.81,60.0
1241,2018-01-12,89.6,1305.2,191.84,73.52,60.4
1242,2018-01-16,88.35,1304.86,191.53,71.28,60.56
1243,2018-01-17,90.14,1295.0,192.29,70.82,60.66
1244,2018-01-18,90.1,1293.32,191.51,69.79,61.09
1245,2018-01-19,90.0,1294.58,192.29,68.88,61.26
1246,2018-01-22,91.61,1327.31,194.38,68.55,61.41
1247,2018-01-23,91.9,1362.54,193.42,69.47,61.69
1248,2018-01-24,91.82,1357.51,194.24,64.69,60.83
1249,2018-01-25,92.33,1377.95,197.95,62.07,60.55
1250,2018-01-26,94.06,1402.05,198.91,64.54,57.99
1251,2018-01-29,93.92,1417.68,198.32,65.48,57.02
1252,2018-01-30,92.74,1437.82,197.91,64.2,57.19
1253,2018-01-31,95.01,1450.89,194.87,65.73,56.81
1254,2018-02-01,94.26,1390.0,193.47,64.08,56.0
1255,2018-02-02,91.78,1429.95,190.99,64.56,55.77
1256,2018-02-05,88.0,1390.0,182.77,62.74,54.69
1257,2018-02-06,91.33,1442.84,185.01,63.19,55.61
1258,2018-02-07,89.61,1416.78,183.19,64.23,54.46
